{
  "project_info": {
    "project_number": "240113143163",
    "project_id": "hilt-18ea4",
    "storage_bucket": "hilt-18ea4.appspot.com"
  },
  "client": [
    {
      "client_info": {
        "mobilesdk_app_id": "1:240113143163:android:6a79597e8df265509141de",
        "android_client_info": {
          "package_name": "com.androidstudy.hilt"
        }
      },
      "oauth_client": [],
      "api_key": [
        {
          "current_key": "AIzaSyDjwX0lIBbZmMEEjqDTSKTbRr2e7v0tBLc"
        }
      ],
      "services": {
        "appinvite_service": {
          "other_platform_oauth_client": []
        }
      }
    }
  ],
  "configuration_version": "1"
}