{
  "project_info": {
    "project_number": "204210178234",
    "project_id": "study3-5b190",
    "storage_bucket": "study3-5b190.appspot.com"
  },
  "client": [
    {
      "client_info": {
        "mobilesdk_app_id": "1:204210178234:android:8dbff850676bdaeb4d9a83",
        "android_client_info": {
          "package_name": "com.test.study03_gallery"
        }
      },
      "oauth_client": [
        {
          "client_id": "204210178234-2trunv9u0oc8sqorgqnh9c3ejdjgao6p.apps.googleusercontent.com",
          "client_type": 3
        }
      ],
      "api_key": [
        {
          "current_key": "AIzaSyCfjJ5_SU2J3hTTEl-wQ55mT8pkMSSqof0"
        }
      ],
      "services": {
        "appinvite_service": {
          "other_platform_oauth_client": [
            {
              "client_id": "204210178234-2trunv9u0oc8sqorgqnh9c3ejdjgao6p.apps.googleusercontent.com",
              "client_type": 3
            }
          ]
        }
      }
    }
  ],
  "configuration_version": "1"
}