{
  "project_info": {
    "project_number": "225658437371",
    "project_id": "coroutineproject",
    "storage_bucket": "coroutineproject.appspot.com"
  },
  "client": [
    {
      "client_info": {
        "mobilesdk_app_id": "1:225658437371:android:4d6c53a7e2882856887a5e",
        "android_client_info": {
          "package_name": "com.test.coroutineproject"
        }
      },
      "oauth_client": [
        {
          "client_id": "225658437371-ckr0q862kpena0196k2hqn9qp14burfl.apps.googleusercontent.com",
          "client_type": 1,
          "android_info": {
            "package_name": "com.test.coroutineproject",
            "certificate_hash": "9b2a7cb0926fe7795e40d6cc64827dcf65e1af76"
          }
        },
        {
          "client_id": "225658437371-bsmguikbsq2etg47ofhsm95t0to2mjop.apps.googleusercontent.com",
          "client_type": 3
        }
      ],
      "api_key": [
        {
          "current_key": "AIzaSyAPhuadrto_UumZ7L_9C80qQb1R4Uff_FI"
        }
      ],
      "services": {
        "appinvite_service": {
          "other_platform_oauth_client": [
            {
              "client_id": "225658437371-bsmguikbsq2etg47ofhsm95t0to2mjop.apps.googleusercontent.com",
              "client_type": 3
            }
          ]
        }
      }
    }
  ],
  "configuration_version": "1"
}